{"stats":{"minecraft:used":{"minecraft:redstone_torch":55,"minecraft:glass":13,"minecraft:stone_button":36,"minecraft:lever":2,"minecraft:redstone_lamp":3,"minecraft:sandstone":127,"minecraft:repeater":84,"minecraft:target":3,"minecraft:comparator":4,"minecraft:observer":129,"minecraft:redstone":142},"minecraft:picked_up":{"minecraft:redstone_torch":5,"minecraft:redstone":8},"minecraft:custom":{"minecraft:jump":185,"minecraft:time_since_rest":44127,"minecraft:leave_game":1,"minecraft:crouch_one_cm":366,"minecraft:sprint_one_cm":38455,"minecraft:play_time":44127,"minecraft:time_since_death":44127,"minecraft:walk_one_cm":61456,"minecraft:sneak_time":772,"minecraft:total_world_time":44994,"minecraft:fly_one_cm":112340}},"DataVersion":3465}